"timeStep","repNb","resource1amountMean","resource1amountICinf","resource1amountICsup","resource2amountMean","resource2amountICinf","resource2amountICsup","prey1PopulationSizeMean","prey1PopulationSizeICinf","prey1PopulationSizeICsup","prey2PopulationSizeMean","prey2PopulationSizeICinf","prey2PopulationSizeICsup","prey1catchesMean","prey1catchesICinf","prey1catchesICsup","prey2catchesMean","prey2catchesICinf","prey2catchesICsup","predator1PopulationSizeMean","predator1PopulationSizeICinf","predator1PopulationSizeICsup","prey1growthRateMean","prey1growthRateICinf","prey1growthRateICsup","prey2growthRateMean","prey2growthRateICinf","prey2growthRateICsup","predatorGrowthRateMean","predatorGrowthRateICinf","predatorGrowthRateICsup"
0,20,31250,31250,31250,31250,31250,31250,250,250,250,250,250,250,0,0,0,0,0,0,0,0,0,0,0,0,0,0,0,0,0,0
10,20,13888.1,13834.1,13945.55,13980.7,13889.05,14077.55,233.45,231.4,235.55,231.2,229.15,233.25,0,0,0,0,0,0,0,0,0,-6.62,-7.48,-5.78,-7.52,-8.38,-6.62,0,0,0
20,20,14959.15,14804.1,15117,15082.35,14906.1,15251.25,307.85,302.8,312.25,302.3,296.75,307.45,0,0,0,0,0,0,0,0,0,31.8769704793125,30.1884563894399,33.5886458556777,30.759482384262,28.8032715047973,32.7116966941459,0,0,0
30,20,11228.65,10985.4,11493.9,11535.85,11261.2,11820.1,392.75,385.65,399.3,386.35,379.9,392.15,0,0,0,0,0,0,0,0,0,27.6858615567298,25.2218320533599,30.2232737177252,27.8850665748289,26.0538414109193,29.5978529291085,0,0,0
40,20,7767.3,7504.2,8039.6,8027.35,7749.9,8287.95,445,439.8,449.65,440.8,432.4,448.45,0,0,0,0,0,0,0,0,0,13.4335460053142,11.4704583853278,15.1009043052576,14.1567734745771,12.2710663290545,16.1086824326001,0,0,0
50,20,5943.2,5730.9,6158.65,6212.75,5896.2,6520.2,483.3,476.25,490.5,482.15,476.05,488.85,0,0,0,0,0,0,0,0,0,8.6939727494922,6.5819010615608,10.8151928045371,9.55180348996462,7.4387444247365,11.8300339615025,0,0,0
60,20,5013.3,4785.75,5254.1,4954.8,4714.35,5174.15,495.75,489.9,501.95,496.5,491,501.65,0,0,0,0,0,0,0,0,0,2.6862056036789,0.88478964210261,4.37217880574077,3.070950538198,1.17532991875455,4.90752865659051,0,0,0
70,20,4649.05,4494.45,4803.65,4585.65,4459.7,4725.65,502.7,496.95,508.55,509.5,503.4,516.1,0,0,0,0,0,0,0,0,0,1.4855077443439,-0.294092748431445,3.19543941862887,2.69642978827493,0.80968197017218,4.59458824809001,0,0,0
80,20,4501.45,4331.7,4658.65,4317.8,4117.75,4508.05,506.95,502.15,511.2,503.6,497.55,509.9,0,0,0,0,0,0,0,0,0,0.933721106138816,-0.844839585128716,2.55030240460824,-1.08252299252911,-2.83712022122023,0.502733531924473,0,0,0
90,20,4423.4,4282.35,4592.05,4414.45,4258.65,4575.8,499.05,492.65,505.8,501.65,494.95,507.8,0,0,0,0,0,0,0,0,0,-1.53015981510421,-2.89531596028495,-0.161280984718033,-0.337501820581881,-1.73334828695762,1.14785661594152,0,0,0
100,20,4684.2,4477.35,4894.15,4572.45,4359,4785.05,493.9,488.15,499.2,501.75,495.55,507.8,0,0,0,0,0,0,0,0,0,-0.971702500333077,-2.39850932699109,0.462630540315344,0.0800979773070251,-1.40001835164687,1.53591984332351,0,0,0
110,20,4783.1,4620.95,4940.15,4508.95,4318.15,4720.4,501.85,496.95,506.65,505.1,499.9,510.9,0,0,0,0,0,0,0,0,0,1.68425570711199,0.0422095156909755,3.30174643658226,0.730294123349734,-0.712032647507784,2.07229413385027,0,0,0
120,20,4479.6,4288.9,4665.1,4467.95,4302.8,4616.15,502.55,497.3,507.8,503.8,499.4,509.05,0,0,0,0,0,0,0,0,0,0.183350903637953,-1.19999812776192,1.49082846667498,-0.200584631840112,-1.54953592417502,1.40418266601091,0,0,0
130,20,4472.5,4310.85,4614.15,4491.8,4335.8,4619.95,503.85,498.45,509.1,501.7,495.75,507.25,0,0,0,0,0,0,0,0,0,0.29990406676337,-0.865605216597414,1.50663066827541,-0.383642024295115,-1.71521018049557,0.879057118266604,0,0,0
140,20,4420.35,4258.4,4586,4602.55,4421.55,4781.75,501.75,497.15,506.25,501.35,493.85,508.2,0,0,0,0,0,0,0,0,0,-0.368803559988661,-1.51828056591308,0.84989766967274,0.00845432879862805,-1.90079530717528,2.06281782306449,0,0,0
150,20,4498.55,4370.6,4629.8,4630.25,4441.75,4808.1,503.6,498.2,509,504.9,499.9,510.1,0,0,0,0,0,0,0,0,0,0.403371652347106,-0.943285947724579,1.6729382427482,0.80840908193294,-0.851584827242425,2.45024390644243,0,0,0
160,20,4468.4,4295.4,4635.6,4477.25,4304.05,4646.85,506.75,500.65,512.8,503.5,496.4,510.4,0,0,0,0,0,0,0,0,0,0.698013914209091,-0.991610636460812,2.49379197809703,-0.216685688335501,-1.90908383244598,1.5541332656572,0,0,0
170,20,4521.55,4332.45,4736.9,4538.45,4335.9,4730.8,502.4,497.1,507.65,503.05,497.6,508.3,0,0,0,0,0,0,0,0,0,-0.776384863275374,-2.4743711664376,0.957963463954834,-0.000999421250247412,-1.67771374106563,1.67601964766238,0,0,0
180,20,4488.5,4351.05,4636.8,4440.35,4266.85,4630.9,503.25,497.95,507.95,505.15,499.05,510.75,0,0,0,0,0,0,0,0,0,0.224664971276056,-1.17052496053785,1.51170903436852,0.496803207946398,-1.19137504813163,2.40785008218009,0,0,0
190,20,4494.7,4311.4,4660.6,4444.05,4266.65,4609.55,502.8,497.3,508.7,504.7,498.8,510.45,0,0,0,0,0,0,0,0,0,-0.0394565104267798,-1.4659861519163,1.59109659667955,-0.0164700748305116,-1.6180001494088,1.78225159161424,0,0,0
200,20,4468.8,4306.5,4628.75,4542.6,4365.15,4716.95,500.8,494.6,506.45,498.5,493,503.7,0,0,0,0,0,0,0,0,0,-0.341426716052839,-1.8127458575822,1.00937568695851,-1.1516160445328,-2.74021945228887,0.599677338502213,0,0,0
210,20,4737.15,4574.75,4884.95,4810,4641.65,4977.5,489.25,483.4,495.1,475.9,468.2,483.4,1.3,0.8,1.85,2.25,1.65,2.85,34.3,32,36.65,-2.21904115889205,-3.98027884759426,-0.316924030048436,-4.45858742495087,-6.58249094930605,-2.39633806455946,0,0,0
220,20,5069.6,4880.35,5256.75,5694.95,5426.5,5966.45,484.15,478.45,489.95,458.65,453.15,463.45,1.15,0.7,1.6,2.4,1.65,3.25,53.35,49.2,57.65,-0.987417463351996,-2.35066643323521,0.546726835909481,-3.50199501853561,-5.47219055749051,-1.551129776023,55.3937316921415,49.7937325005582,61.9768778213165
230,20,5226.55,5077.6,5385.85,6391.7,6166.5,6625.3,481.75,472.6,491.1,441.15,433.6,448.3,1.95,1.4,2.6,3.85,2.9,4.75,80.9,74.1,88.85,-0.414711543642858,-2.6870770583208,2.06787139392396,-3.74863720400756,-5.91420995338927,-1.80594844413665,51.8573812955238,44.2307283580695,58.9520162206797
240,20,5418.75,5150.75,5683.5,7343,7019.05,7678.7,460.55,452.15,467.95,405.1,393.05,416.65,3.45,2.75,4.15,6.9,5.35,8.65,121.55,110.15,132.95,-4.30530194903832,-5.8721989495777,-2.84456663594872,-8.2307489084276,-10.3346454349606,-6.37264530784124,50.6345149108116,45.0606948113705,56.1206001881372
250,20,6290.4,6031.9,6587.45,9320.65,8710.8,9977.9,443.45,435.85,450.35,342.35,324.7,359.1,4.35,3.55,5.15,8.55,7.35,9.85,177.25,163.15,190.8,-3.65014272097576,-5.12320370005137,-2.17409586096366,-15.692314801528,-18.3549457763168,-13.2776634501911,47.2663437685098,43.0933217330644,51.269885182516
260,20,7150.65,6841.2,7530.2,12826.5,11887.4,13902.7,404.9,394.6,414.55,265.8,245.85,285.35,6.2,5,7.35,9.65,8.1,11.2,234.95,222.5,245.9,-8.71629418580842,-10.1884957415373,-7.36600881273878,-22.8176692901213,-25.7615335056617,-20.1086658340874,34.2315040902676,28.8997111790169,39.4806609163384
270,20,8766.7,8324.45,9229.85,17498.95,16323.1,18644.85,369.05,356,381.55,171.65,153.75,190.35,8,6.8,9.05,9.3,7.9,10.55,269.55,261.3,277.95,-8.85174505142606,-10.9795943404819,-6.75324496103995,-36.1840854058309,-39.163907219599,-33.4501893642163,15.8822999065064,10.9949146846894,21.0772049050135
280,20,10578.9,9971.2,11136.65,22589.9,21573.6,23565.95,322.5,311.15,333.7,94.45,81,108.05,9.65,8.3,11.15,7.1,6.1,8,253.8,243.35,263.65,-12.5436162343577,-14.3566508836979,-10.8021311932916,-45.6163812425366,-49.7880460315651,-41.3044853904676,-5.47886807278182,-9.96906455844164,-0.593706562917866
290,20,12473.95,11954.3,13028.5,26383.55,25607.95,27139.4,294.15,283.5,304.45,52.55,43.45,60.85,7.8,6.55,9,4.2,3.35,5.15,192.6,177.75,207.45,-8.61420627557857,-11.0825974800364,-6.14803501431489,-44.1305285519879,-48.5508613112405,-39.5299265763884,-24.3675782558117,-28.7965854090178,-20.1464559117261
300,20,13270.3,12782.9,13871,28472.5,28075.8,28865.5,296.15,285.2,308.1,33.75,29.05,38.3,6.6,5.35,7.85,1.55,1.1,2,123.75,109.1,139.65,0.775356937516476,-1.83264176969591,3.25106807452492,-32.8683758517049,-39.2754872716438,-26.6278905640447,-36.5367036671238,-40.6295153165834,-32.4680441318698
310,20,12752.15,12172.1,13324.5,29188.5,28916.05,29431.5,325.5,313.15,337.7,30.85,26.2,35.75,4.45,3.55,5.35,1.25,0.75,1.75,74.15,63.15,84.6,10.2212066632966,6.57227806411622,13.9500607813695,-6.10668112772132,-15.9723943052032,4.2176928830207,-40.5984342369869,-43.6648775053114,-37.6233901961033
320,20,10963.65,10388.5,11544.9,29213.9,28881.25,29524.4,366.35,355.15,377.05,31.4,26.3,36.95,2.75,1.9,3.7,0.75,0.45,1.1,42.35,36.75,47.5,12.835652703068,10.5939908604503,15.1550347734457,2.46165426244686,-6.18010830371786,11.1564795935911,-41.4333164730351,-46.1723065221686,-36.516197555776
330,20,8998.35,8581.4,9391.05,29077.4,28659,29457.05,418.25,407,429.55,37.75,31.3,44.25,2.45,1.6,3.3,0.7,0.35,1.05,29.1,23.65,34.95,14.3330297834749,11.5911833515606,16.686454252279,19.5880904901147,11.6335313060923,26.3175625300625,-32.7041524157997,-39.7859336375311,-26.398013735004
340,20,6971.9,6581.35,7391.05,28604.2,28112.7,29055.5,454.55,445.1,463.35,47.4,40.1,55.85,0.95,0.6,1.3,0.45,0.2,0.7,19.5,15.85,23.3,8.92288483552294,6.66043291173087,11.0696963382333,28.860370451321,19.3703318093968,38.995765294831,-30.1639049376462,-36.9865472857885,-22.2587437600901
350,20,5949.8,5705.7,6219.85,27768.9,27185.15,28293.25,473.15,466.75,479.05,62.95,52.45,74.9,0.8,0.4,1.3,0.75,0.35,1.2,16,12.75,19.45,4.28778360656222,2.02470876095675,6.37806622331126,32.9299487088979,27.2941771570288,39.0988582440033,-16.8390506526124,-26.2507636909239,-7.28929095313535
360,20,5486.45,5307.1,5657.1,26625.2,25721,27348.85,488.2,482.15,494.5,84.8,71,100.5,0.95,0.5,1.45,0.25,0.05,0.5,12.75,9.15,16.45,3.24812335405642,1.75824741254492,4.93929914404652,34.8253670041095,28.7630035913369,42.2065547339019,-25.6147771346301,-37.0421549039196,-12.5640639589169
370,20,4974.6,4781.4,5197,25070.7,23945.9,26082.75,492.7,485.95,498.8,116.35,96.25,134.9,0.75,0.35,1.15,0.45,0.2,0.75,11.75,8.15,15.65,0.999836480441546,-0.667740946079635,2.66180275894894,39.3136914946144,34.0028018416883,44.8738433636525,-15.7540698040698,-28.6299439299439,-3.8590909090909
380,20,4807.5,4614.35,5018.45,22846.85,21440.5,24077.75,495.15,488.5,502,159.7,135.55,186.45,0.8,0.45,1.15,0.35,0.15,0.65,13.05,8.15,17.95,0.527866450352563,-0.621126258017879,1.54006648276865,38.2657065301804,34.3677535063559,42.4121480828987,4.44054932332292,-13.9772485650632,20.3014800592537
390,20,4792.65,4599.25,4973.3,20041.5,18330.35,21600.15,495.9,491.15,500.5,210.9,183.35,242.45,0.5,0.2,0.85,0.45,0.15,0.8,15,9.65,20.6,0.216045258220246,-0.985842850517996,1.49666438592097,34.8497828196052,29.9842938329127,39.2160740121324,10.836523940929,-2.89217417678515,24.6009223105905
400,20,4757.25,4634.25,4864.1,16972.7,15392.6,18498.9,494.85,489.2,499.9,263.75,233.7,294.35,0.4,0.15,0.65,0.95,0.4,1.55,17.9,11.15,25,-0.152915923356455,-1.72469530222516,1.4566964793978,26.8029446600448,22.5984689353889,31.0650214998523,27.9680110767572,6.97661135161135,53.557035070193
410,20,4849.15,4662.8,5020.7,14112.85,12501.15,15641.85,493.35,484.8,501.4,316.55,286.55,343.7,0.7,0.3,1.1,0.95,0.5,1.45,24.5,14.9,34.75,-0.244311007319793,-2.17764577089289,1.61488481879085,22.0300354749658,17.4302493481431,26.7064498743498,29.4964235955615,10.6356948405496,48.5336214753184
420,20,4758.45,4454.45,5023.25,11533.05,10150.55,12911.7,489.35,481.9,496.9,367.7,338.35,396.5,1.55,0.85,2.3,1.65,0.75,2.7,35,20.35,49.75,-0.716810537311064,-2.57715011190257,0.908256849482128,17.3959203299917,13.1780257767075,21.4823760952796,40.237197594259,30.1916115674881,50.0636163927461
430,20,4924.9,4700.2,5162.95,9556.2,8295.35,10754.45,483.95,477,490.4,400.6,371.2,427.1,1.55,0.85,2.3,2.7,1.5,4,46,28.1,64.95,-1.03830269400074,-2.58400633158984,0.306618717203144,9.76148389375801,4.79399660244473,14.5464544448431,24.4516052855978,14.2195767195767,33.9564570470909
440,20,5206,4949.85,5464,8435.5,7218.85,9571.9,484.6,472.25,496.6,409.15,382.45,440.35,1.45,0.75,2.2,3,1.6,4.4,62.25,37.9,88.5,0.140467905432405,-2.09624216940324,2.46952548116015,2.26517285301317,-1.40046871747579,6.10922446041901,32.024307270281,19.0499410563732,44.1449618116673
450,20,5264.1,4766.25,5739.2,8497.5,7161.25,10016.8,476.55,460.3,490.85,397.2,352.1,436.5,2.1,1.1,3.25,4.6,2.65,6.75,86.55,54.45,120.3,-1.67093682038299,-3.31380416565667,-0.0329372517377429,-4.10102350204,-9.73875527606318,0.909031154057835,44.6567770888011,31.6570804949325,58.3855763517871
460,20,5635.9,5072.2,6331.65,9686.4,7656.05,11914,457.1,434.35,476.75,365.8,309.45,416.3,3.6,1.8,5.5,4.3,2.85,5.8,115.6,79.15,155.75,-4.19257321013466,-6.58357664803434,-1.95658312717178,-10.4387832665559,-16.5180636646072,-4.70245366290124,35.1905559695619,25.0237113153908,45.3134306043773
470,20,6447.95,5594.85,7340.3,11450.3,8639.15,14308.95,438.1,406.9,468.2,325.3,256.8,386.95,4.25,2.85,5.95,5.05,3.1,7.15,136.6,96.6,175.7,-4.53851992256075,-7.70740967621419,-1.41663647136021,-16.1637053903067,-23.0783525478207,-9.7195881491882,34.6346778085142,17.6394954884013,53.307234724774
480,20,7429.15,6161.75,8666,13648.65,10358.8,17342.8,416.6,390.15,443.6,285.05,211.95,358.4,4.05,2.8,5.25,5.75,3.95,7.6,150.7,107.8,188.85,-4.79090200023807,-6.39529020707321,-3.27545493853751,-18.8352645255596,-25.7295830378284,-11.5997859063924,22.50222843294,9.16113300894935,36.7876309461206
490,20,8041.85,6951.8,9228.3,15970.85,12294.1,20135.45,397.6,372.2,425.5,245.15,165.85,325.3,5.3,3.7,6.9,4.55,3,6.1,151.4,112.55,189.65,-4.59579972533766,-6.66239905708946,-2.51555801211522,-20.237304998176,-26.8662338252912,-13.4711025115839,9.56011034381889,-6.12553982252909,24.3504622853333
500,20,8812.4,7644.45,9816.5,18257.4,14020.5,22164.3,387.7,360.7,418.3,202.85,124.6,281.05,5.75,3.85,7.9,4.95,2.95,7.15,146.9,107.4,188.2,-2.12537769878338,-5.68876864258513,1.93141982490347,-23.7636040876395,-32.0265399407954,-15.6684255502512,1.21819179318772,-11.1615418627578,13.8019214413624
510,20,9152.95,7938.4,10368.15,20392.25,15823.45,24219.6,385.2,353.1,416.65,168.75,94.25,244.65,4.6,3.15,6.05,4.05,2.2,6.2,128.65,89.4,167.65,-0.574275220719764,-4.84923404235482,3.62187828141057,-22.0192492416633,-30.8681870634674,-13.56943727425,-8.14143117155808,-20.8461857082967,5.21066408058024
520,20,9179.95,7699.5,10559.9,22066.2,17640.55,25871.45,383.85,348.5,416.75,145.75,75.9,219.55,4.35,2.9,5.85,3.35,1.8,5.05,108.35,73.5,148.15,-0.39482726941553,-2.98856203947217,2.22686962791036,-12.2132609236529,-24.5905806783805,1.02199865597412,-12.9973963402041,-27.4127157405387,1.56498855985263
530,20,9037.35,7615.4,10372.9,23127.55,18967.6,26887.3,401.15,366.55,433.65,136.6,70.65,217.2,3.7,2.55,4.75,1.7,0.85,2.7,80.2,50.6,113.15,5.07172315336304,1.15260296216398,8.83426295697834,-4.09142413033872,-15.905465624331,5.85897782421874,-19.5490291926872,-31.9750577518694,-6.89216768175647
540,20,8297.7,7006.35,9675.9,23501,19412.6,27089.55,409.5,374.75,441.3,132.9,68.2,209.85,3.1,2,4.25,2.1,0.75,3.7,67.15,37.9,99.1,2.291564185579,-1.43253566900144,5.77072116410087,1.32768799332625,-8.35285178888239,10.6804719190531,-16.8236778216428,-27.9898597224895,-4.59077821494363
550,20,7847.9,6560.85,9229.45,23635.35,19670.45,27053.3,429.85,401.35,456.7,128.4,68.8,194.3,2.2,1.05,3.85,1.45,0.4,2.75,53.9,25.35,91,5.99110985937152,1.8750039348692,9.89829470128189,13.9584132461079,-0.359749615715325,28.3303781320859,-20.177561877127,-32.8330016336244,-5.61190837084357
560,20,7054.4,5949.7,8125.55,23533.6,19896.7,26615.7,449.05,421.05,474.1,134.65,75.05,202.55,1.55,0.85,2.3,1.3,0.3,2.45,44.5,19.55,76.7,5.10452668885706,1.33188367030632,8.88465719500524,14.4134644054358,4.07011894145175,24.287295739251,-16.5833694768996,-27.4908144323366,-6.0971131353647
570,20,6394.1,5377.55,7528.45,23060.9,19652.25,25996,462.45,439,483.25,145.7,90.8,211.65,1.85,0.75,3.25,1.1,0.45,1.9,37.6,16.85,64.55,3.55199312755676,0.23672323962598,7.00607290264321,20.256125518782,8.87972667031819,31.3564440136348,-13.5569135473825,-26.1377700819894,-0.846399498112302
580,20,6023.55,5172.45,7131.05,22162.05,18951.45,25034.6,466,441.15,487.05,164.35,113.45,224.75,2.25,0.85,4.2,0.85,0.45,1.35,35.45,14.95,68.05,0.928324422916234,-1.88831571599062,3.52736706471694,22.936353676994,14.3419155021243,30.5891804222683,-7.78133029002913,-19.2509313856875,3.25482670064713
590,20,5764.6,4918.7,6747,20806.55,17524.05,23631.75,470.9,445.25,489.95,191.35,137.15,253.4,1.65,0.45,3.5,0.85,0.4,1.35,33.55,14.15,62.3,1.23188700847581,-1.16888005223842,3.5446278401137,20.7696993687187,9.74386247380451,30.4241916029539,-6.71641958334313,-21.5225003044696,6.70227723685456
600,20,5623.15,4817,6732.95,19174.9,16103.8,22467.4,475.7,450.8,494.1,221.2,160.4,286.9,1.55,0.65,2.85,1.6,0.85,2.4,30.25,14.5,52.55,1.17557732935166,-0.964685084221242,3.1876281955906,22.1451783442192,11.9689344372776,30.5121503572437,6.16405601862839,-9.69453455439826,25.7403679653679
610,20,5384.9,4646.05,6342.8,17334.2,13995.3,20554.05,484.25,459.05,501.1,256.35,192.1,316.6,0.95,0.35,1.7,1.15,0.6,1.85,28.45,15.85,43,2.0054595078155,0.246891599225777,4.09704739445306,20.5929108733173,13.3442087255351,27.3583938317457,3.75415346282861,-12.0490672773282,18.656102955016
620,20,5263.45,4607.25,6198.2,15502.45,12266.1,18698.45,477.9,459.5,491.5,288.5,228.3,344.55,1,0.5,1.5,1.9,0.9,3.05,35.2,20.3,51.85,-0.968329274054974,-2.9929941466037,1.11679313464868,17.4625553815159,9.87215356714802,24.8189452003177,22.6691439523455,6.08548369343417,36.9801036726405
630,20,5334.2,4866.4,5989.95,14008.25,10871.85,17308.85,478.05,464.5,489.75,313,249.4,371.6,1.65,0.85,2.6,1.85,1,2.8,42.4,21.85,62.35,0.227296367579132,-1.21733194393078,1.9647979911472,12.8579153751613,6.84366107474856,19.3613911065074,5.46676223887221,-12.1093735091349,20.5149665122399
640,20,5493.7,5051.3,6020.8,12813.25,9979.75,16075.25,478.2,462.7,491.95,334.1,272.4,390.9,1.5,0.75,2.35,2.2,0.95,3.65,55.65,30.9,82.9,0.139353265725142,-2.21764605621818,2.63711712618472,10.5829073336386,3.27983550252897,18.654122575278,35.3219404810116,16.9312760822423,57.6266054762665
650,20,5502.4,4943.75,6116.9,12069.15,8982.95,15009.95,467.75,450.15,481.9,337.25,276.15,391.25,1.85,0.9,3,3.35,1.6,5.3,69.7,39.05,102.6,-2.06225652684526,-4.45899284291154,0.759273550833132,4.5053235211189,-3.81821526907419,12.6661650441026,19.6934036136804,8.87501822627655,30.4988262045251
660,20,5874.85,5213.4,6620.8,12037.75,9315.55,14739.9,462.8,441,483,331.05,268.9,389.45,2.9,1.4,4.65,3.25,1.8,4.8,85,50.8,123.45,-1.14874994486035,-3.30531001859146,0.999512356182939,-0.322974375218284,-8.23196831935194,8.67836649586283,15.7317477817378,1.54084694347488,29.7760389549154
670,20,6148.3,5377.6,7017.7,12563,9669.95,15723.65,449.6,421.2,472.7,327.4,259.75,391.35,3.55,1.65,5.25,3.7,2.2,5.25,96.7,57.6,139.05,-3.09087581918793,-5.65613683456117,-0.693651297603437,-2.29470235137442,-11.6201906358492,6.5398239559003,18.7949243331518,5.71500916614037,32.4497279828613
680,20,6675.55,5657.9,7737.35,13155.8,9877.45,16582.45,433.75,402.6,462.85,306.5,236.85,372.7,3.15,1.85,4.5,3.9,2.2,5.75,103.15,65,145.35,-3.84532778382261,-6.49618688465826,-1.24840699972941,-10.1068046398979,-19.7081062433458,-0.909376101038049,28.0818868730896,0.0295987701161326,65.9904544666976
690,20,7374.45,6199.05,8596.5,14387.4,10435.4,18094.8,431.3,401.2,460,288,209.1,365.65,3,1.75,4.35,3.8,2.2,5.55,101.2,62,141.85,-0.334832757182292,-3.02377075292603,2.36672529826168,-8.6753996206381,-17.3929199884369,-0.163791353285832,3.40306103416599,-9.73648766827359,17.3967744706097
700,20,7429.1,6143.25,8711.45,15377.85,11283,19422.7,425.25,392.35,456.2,270.6,188.8,350.95,3.25,2,4.75,3.65,1.9,5.55,96.45,61.4,135.8,-1.36676839931776,-4.36158069620687,1.91122424790477,-9.63329657667373,-18.4154649496209,-0.927263486763574,6.41097940152437,-7.80660296042697,20.4809962133518
710,20,7623.8,6335.6,9035.3,16431.45,12158,20644.85,421,389.4,450.85,252.6,172.9,333.9,3.55,1.9,5.35,3.05,1.6,4.75,94.95,57.7,134.1,-0.507024864091287,-3.55470829315156,2.8213662100489,-8.38682168652732,-18.3151307662646,1.43744211095118,2.78386269583304,-10.9495640659761,17.2554359319072
720,20,7638.75,6375.65,8920.7,17321.7,12699.75,21456.15,422.1,387.9,451.35,241.55,158.35,332,3.65,2.15,5.4,2.65,1.4,3.95,89.95,51.95,130.5,0.32849128043477,-2.98075732250909,3.10798996003346,-3.87362560610068,-15.0066860735754,6.59688724686049,0.00614326284325943,-14.452849858733,14.3156942144427
730,20,7699.05,6422.95,9003.65,17983.9,13349.5,22439,422.4,387.45,454.5,226.35,147.1,307.2,2.85,1.4,4.5,2.05,0.9,3.4,84.4,46.5,122.7,0.539791352481919,-3.68989315389046,4.4687570297475,-5.10489555784226,-14.9593269890066,4.47672907358271,2.06305255890623,-14.4118887595029,20.7813663765442
740,20,7614.05,6317.7,9011.35,18718.45,14266.15,22786.8,426.15,391,456.85,216.9,134.75,299.7,2.5,1.35,3.75,2.3,1.15,3.85,73.5,39.75,110.2,0.978999582333128,-2.04726602516282,3.90096337946417,-2.65429010173814,-14.2603742100028,8.74357183594629,-3.09629785174278,-16.7716616195762,11.8651476787372
750,20,7591.4,6289.8,9031.15,19057.95,14666.25,23186.2,431.75,399.3,462.45,216.65,138.75,298.25,2.8,1.5,4.2,1.65,0.8,2.7,62.4,31.7,96,1.89866570122589,-1.284081502945,5.28311633453991,4.13417610273335,-9.14559590141183,17.7506466981087,-8.09997394061499,-21.5748318483786,5.61289753873446
760,20,7099.7,5904.15,8373,18968.5,14677.1,23234.1,439.05,408.35,467,212.4,130.65,296.05,2.5,1.4,3.9,1.6,0.7,2.65,54.25,26.1,89.9,1.9684246176554,-1.7371361804115,5.83255774345257,0.233604059328145,-10.6655409457004,10.8571785875164,-3.23895254681251,-15.9226360020848,8.54422243328916
770,20,6793.9,5666.15,8184.75,18886.85,14019.25,22821,450.3,417.85,477.55,224.2,142.4,307.95,1.5,0.9,2.15,1.6,0.85,2.45,46,25.15,72.15,2.84529815576567,0.531392646474363,5.48746981893944,8.72193557293833,-2.01991793220235,19.7144891000484,0.989870925250465,-13.3427019219791,16.6037615694905
780,20,6423.4,5316.85,7669.8,18326.55,14025.55,22359.4,462.3,432.3,486.35,235.35,156.85,319.9,1.45,0.75,2.15,1.75,0.8,2.85,42,24.95,59.6,3.08218029226294,0.080388844100381,6.29914175239133,12.4921683338177,3.59776848838977,20.9908478247189,-1.08140784784256,-17.4049904116627,14.6048140234196
790,20,6097.45,5165,7318.6,17497.9,12982.25,21804.4,462.45,440,481.35,244.8,169.55,320.9,1.85,1.1,2.6,2.15,1.05,3.25,44.55,25.35,67.35,0.851154574592224,-1.92342640407535,3.99044741934111,12.0758212980933,2.48218012626111,21.807974980769,10.5288948536358,-6.15896340210603,28.2560304759952
800,20,5917.8,5276.5,6724.95,16965.8,13139.3,20605.55,466.55,445.7,483.75,255.8,182.8,325.05,1.4,0.7,2.05,2.4,0.95,3.95,52.35,25.5,82.75,1.22878559018748,-1.32804603014857,3.68377257114306,11.2305267021229,4.63748367643579,18.3264014461741,3.86482575833834,-7.48787757724171,15.609254512718
810,20,5888.35,5318.45,6532.3,16525.8,12584.3,20236.8,466.8,450.15,483.8,255.95,184.2,332,1.75,0.85,2.85,3.1,1.3,5.15,60.9,28.35,95.75,0.422135587951878,-3.20286387658383,4.35692162871749,9.896902852027,-0.192161686488084,20.1362558344015,4.47240655504791,-7.1334186422068,16.5842619226516
820,20,5932.15,5279.05,6668,16422.15,12607.05,19909.7,459.45,436.4,480.5,256.45,186.2,325.2,2.25,1.15,3.55,2.1,1,3.4,75.3,36.35,120.35,-1.73232642883611,-4.13204472768341,0.642728251201077,6.98049952923079,-3.95558491171438,16.891934894331,12.8916850030819,2.01032967606869,23.2353395996228
830,20,6220,5293.15,7281.25,16321.55,12553.95,19885.55,451.3,421.5,476.55,258.1,185.35,329.35,3.05,1.5,4.8,2.65,1.55,3.85,73.8,38.05,114.75,-2.10229941753847,-5.33784627116556,1.18095719339145,2.54628800623318,-10.0509247138332,13.8382488401027,3.96293761985648,-6.95408318207614,13.9853679277208
840,20,6556,5409.05,7895.6,16218.35,12611.5,19766.4,448.9,412.75,477.85,265.1,192.95,336.45,2.55,1.25,4,2.1,0.7,3.7,72.65,39.65,108,-0.800504079198637,-2.85847480837488,1.32030550948884,2.99641583600261,-9.73927064994079,15.7616743607541,-1.80753212693715,-18.6099617341036,12.3881771618262
850,20,6613.55,5418.6,8010.05,15920.1,12289.25,19620,444.25,409.9,474.45,271,200.6,343.75,1.6,0.7,2.8,2.3,0.9,3.9,70.45,36.45,105,-0.789594950299373,-3.22575026462459,1.89642870344679,7.54354072243976,-1.59139972890076,17.6428791264642,0.0402438762839737,-11.2216636075693,10.9870369808292
860,20,6754,5542.95,8094.25,15536.3,11986.45,18667.95,439.7,411.85,466.75,272.2,200.45,343.5,2.15,1.05,3.4,2.85,1.1,5.15,72.8,34.6,112.1,-0.346007322034434,-2.7859573967255,2.28963101640304,3.31182533138805,-7.36394444618565,13.6923121948971,8.80333417550568,-6.30945020749518,22.2664129772423
870,20,6821.95,5769.2,7912.1,15708.5,11789.4,19615.55,439.3,411.65,464.85,277.1,193,357.6,2.45,1.25,3.75,1.95,0.95,3.15,75.4,38.4,112.6,0.365283289629908,-3.51665766151419,4.65286468647496,1.38937432722247,-9.16745176340322,12.3326335256887,9.72022430756066,-6.30523789848433,27.2244954205544
880,20,6854.9,5799.75,7938.8,15668.95,11518.25,19949.15,443.05,415.9,471.55,275.6,194.3,360.4,2.8,1.4,4.35,2.55,1.5,3.65,71.15,36.4,106.45,0.968244486350753,-2.09321369341239,3.98809530180459,1.14227478443938,-9.89278133116895,12.1124919613026,2.76414279527998,-8.23781528755515,13.7787942401322
890,20,6905.35,5843.1,8094.25,15897.3,11397.3,20096.9,448.55,417.3,477.85,269.55,185.9,350.4,2,1.1,3.1,2,0.9,3.25,68.15,38.95,100.85,1.23705768926031,-1.06451269836263,3.60608587051185,-3.18687096266528,-12.8606056404823,6.24565414011779,2.56473973832362,-12.3312990479705,18.450615234189
900,20,6638.8,5573.45,7820.05,16112.25,11556.3,20388.65,447.95,419,475.6,269.6,188.4,348.5,2.2,1.2,3.35,2,0.9,3.35,66.95,36.75,104.2,0.425868702419066,-3.12901490413906,3.63239996741564,2.9019180296482,-7.13441358154694,13.6402124510914,4.63819226491657,-9.065754348982,21.3965882548915
910,20,6504.25,5558.4,7516.35,16100.35,11268.05,20375.75,449.35,424.05,474.15,262.9,180.65,338.9,2.75,1.5,4.4,3.05,1.4,5.05,74.35,38.2,111.15,0.708009296796439,-1.76255253704635,3.4295095550834,0.977170672402119,-7.54615640370864,9.12347400035926,16.3956261784057,0.133141253317596,36.361294765527
920,20,6570.75,5537.4,7569.8,16536.9,12263.6,20588.3,445.65,421.3,468.4,256.95,180.4,336.2,2.75,1.45,4.1,2.8,1.05,4.65,77.85,37.65,118.9,-0.517163510660907,-3.1972922607352,2.57017847333224,4.62745177387864,-6.52529603150966,14.3343577992116,2.14104987383331,-9.87650318053715,14.3523666762852
930,20,6671.55,5750.7,7644.3,16927.05,12890.6,20548.9,442.2,410.3,468.1,247.45,170.2,330.35,2.9,1.45,4.8,1.75,0.6,3.15,81.85,40.6,131.25,-0.888849163290905,-4.51928698497185,2.71818301884711,-0.862247192909907,-12.3187461373448,9.43580115187945,8.89717751541178,-6.37520856926004,30.6113328806284
940,20,6884.1,5719.75,8222.55,17266.55,13330.05,21207.3,444.5,411,473.95,242.3,167.25,325.8,3,1.35,4.75,2.1,0.8,3.7,79,39.85,127.25,0.392516016089022,-2.57820479186943,2.98782173424265,-0.872151037050219,-14.3454519757064,11.2200668051902,3.90631060067907,-6.90903608456432,15.7223317302009
950,20,6844.75,5538.4,8258.1,17674.3,13169.85,21836.7,436.4,401,470.5,239.1,158,321.7,2.85,1.3,4.75,1.7,0.85,2.55,69.95,34.75,114.2,-1.82422516907033,-5.35810171915468,1.62839618761336,-2.8940475110773,-15.2452244591622,8.75511149869388,-2.01892366742682,-13.7656992251869,9.21292732640292
960,20,7088.55,5677.2,8557.4,17671.9,13707.1,21716.6,439.9,400.3,471.05,238,150,313.75,1.75,0.7,2.95,1.7,0.85,2.75,59.05,32.3,90.7,1.05070288382587,-1.97664502521146,3.95103016891427,-2.2634895413333,-14.295848588134,8.43365756504177,-1.19930954540065,-13.2628164567098,11.6701473701086
970,20,6904.15,5638.95,8398.2,17548.6,13088.55,21658.25,449.95,420.75,477.35,249.75,166.1,324.7,2.2,1.15,3.4,1.1,0.35,2.05,48.05,28,70.85,3.19681807177962,0.390788782993078,6.38475780280481,6.58309006541384,-4.61655901528386,17.2709575197453,-7.40636246755636,-20.3491963467466,6.18040240264056
980,20,6447.95,5426.95,7663.3,16927.8,12783.4,21280.65,459.05,433.2,484.5,257.85,172.8,343.25,1.6,0.8,2.5,2.1,1.05,3.45,47.25,26.75,70.5,2.5358119027911,-0.100139820558433,5.51611302952545,10.3770797581305,0.471358947433911,21.7936830763925,-0.691198548049077,-12.3235107573566,11.5769816721024
990,20,6090.95,5214.8,7016.15,16591,12023.85,20844.05,463.5,442.5,480.55,260.35,181.95,340.8,2.2,1.15,3.5,2,0.65,3.7,51,24.35,80.35,1.67756617689165,-1.34867711316456,5.12069055588396,7.18092480418133,-1.23575910145016,15.6011219330604,0.754278484887485,-11.3339658319436,12.5799439084379
1000,20,6068.1,5350.5,6909.75,16474.45,12365.3,20577.8,458.2,438.8,476.65,257.5,180.25,339.8,2.35,1.15,3.7,2.2,0.75,3.9,60.1,26.1,99.15,-0.961920998743706,-3.5819604181616,1.64473974390674,4.57408161379453,-5.13288986913703,12.9125545531145,12.3486914306864,-4.90920839884721,28.1117338647497
